sample_uid,PCR_id,Barcode,Order Date,Sent,Result,Sequence,megablast,megablast_identity,blastn,blastn_identity
1_LAL_006,1,TS03670208,17/08/2022,Y,Passed,,mus_setulosus,93.86,mus_setulosus,93.86
1_LAL_007,2,TS03670209,17/08/2022,Y,Passed,,mus_setulosus,94.14,mus_setulosus,94.14
1_LAL_017,3,TS03670210,17/08/2022,Y,Passed,,mus_setulosus,97.25,mus_setulosus,97.25
2_LAL_003,4,TS03670211,17/08/2022,Y,Failed,,,,rattus_rattus,81.82
2_LAL_004,5,TS03670212,17/08/2022,Y,Failed,,mus_setulosus,87.23,mus_setulosus,87.23
2_LAL_006,6,TS03670213,17/08/2022,Y,Failed,,,,mus_setulosus,83.95
2_LAL_008,8,TS03670214,17/08/2022,Y,Failed,,,,mus_setulosus,85.29
2_LAL_014,9,TS03670215,17/08/2022,Y,Passed,,mus_setulosus,95.49,mus_setulosus,95.49
2_LAL_015,10,TS03670216,17/08/2022,Y,Passed,,mus_setulosus,100,mus_setulosus,100
2_LAL_016,11,TS03670217,17/08/2022,Y,Passed,,rattus_rattus,91.68,rattus_rattus,91.68
3_LAL_003,12,TS03670218,17/08/2022,Y,Passed,,praomys_rostratus,96.39,praomys_rostratus,96.39
3_LAL_006,14,TS03670219,17/08/2022,Y,Failed,,,,crocidura_olivieri,84.73
3_LAL_007,15,TS03670220,17/08/2022,Y,Passed,,mastomys_natalensis,92.4,mastomys_natalensis,92.4
1_SEI_002,16,TS03670221,17/08/2022,Y,Passed,,mus_setulosus,94.56,mus_setulosus,94.56
1_SEI_008,17,TS03670222,17/08/2022,Y,Failed,,,,praomys_rostratus,84.21
1_SEI_009,18,TS03670223,17/08/2022,Y,Failed,,,,praomys_rostratus,83.22
1_SEI_011,19,TS03670224,17/08/2022,Y,Failed,,,,praomys_rostratus,81.16
1_SEI_014,20,TS03670225,17/08/2022,Y,Passed,,praomys_rostratus,97.58,praomys_rostratus,97.58
1_SEI_015,21,TS03670226,17/08/2022,Y,Passed,,praomys_rostratus,89.37,praomys_rostratus,89.37
1_SEI_021,22,TS03670227,17/08/2022,Y,Failed,,,,praomys_rostratus,81.65
1_SEI_022,23,TS03670228,17/08/2022,Y,Passed,,praomys_rostratus,93.19,praomys_rostratus,93.19
1_SEI_024,24,TS03670229,17/08/2022,Y,Failed,,,,praomys_rostratus,81.13
1_SEI_025,25,TS03670230,17/08/2022,Y,Failed,,,,praomys_rostratus,85.29
1_SEI_026,26,TS03670231,17/08/2022,Y,Failed,,praomys_rostratus,90.68,praomys_rostratus,90.68
1_SEI_027,27,TS03670232,17/08/2022,Y,Failed,None,,,,
1_SEI_029,28,TS03670233,17/08/2022,Y,Passed,,mastomys_natalensis,88.14,mastomys_natalensis,88.14
1_SEI_033,29,TS03670234,17/08/2022,Y,Passed,,praomys_rostratus,95.11,praomys_rostratus,94.88
1_SEI_036,30,TS03670235,17/08/2022,Y,Passed,,mastomys_natalensis,90.26,mastomys_natalensis,88.94
1_SEI_037,31,TS03670236,17/08/2022,Y,Failed,None,,,,
1_SEI_039,32,TS03670237,17/08/2022,Y,Passed,,praomys_rostratus,93.96,praomys_rostratus,93.96
1_SEI_040,33,TS03670238,17/08/2022,Y,Failed,,,,praomys_rostratus,87.18
1_SEI_042,34,TS03670239,17/08/2022,Y,Failed,,,,hybomys_planifrons,81.15
1_SEI_043,35,TS03670240,17/08/2022,Y,Passed,,mastomys_natalensis,94.09,mastomys_natalensis,94.09
2_LAL_013,36,TS03670241,17/08/2022,Y,Failed,,,,mastomys_erythroleucus,87.56
2_SEI_001,37,TS03670242,17/08/2022,Y,Passed,,mus_setulosus,96.12,mus_setulosus,96.12
2_SEI_002,38,TS03670243,17/08/2022,Y,Failed,,,,praomys_rostratus,82.25
1_LAL_001,326,TS03670244,17/08/2022,Y,Passed,,lophuromys_sikapusi,96.58,lophuromys_sikapusi,96.58
1_LAL_002,327,TS03670245,17/08/2022,Y,Passed,,crocidura_olivieri,94.96,crocidura_olivieri,94.96
1_LAL_003,328,TS03670246,17/08/2022,Y,Passed,,lemniscomys_striatus,96.7,lemniscomys_striatus,96.7
1_LAL_004,329,TS03670247,17/08/2022,Y,Passed,,lophuromys_sikapusi,94.46,lophuromys_sikapusi,94.46
1_LAL_005,330,TS03670248,17/08/2022,Y,Passed,,crocidura_theresae,97.51,crocidura_theresae,97.51
1_LAL_008,331,TS03670249,17/08/2022,Y,Passed,,crocidura_olivieri,96.7,crocidura_olivieri,96.7
1_LAL_009,332,TS03670250,17/08/2022,Y,Passed,,lophuromys_sikapusi,94.08,lophuromys_sikapusi,94.08
1_LAL_010,333,TS03670251,17/08/2022,Y,Passed,,lophuromys_sikapusi,96.04,lophuromys_sikapusi,96.04
1_LAL_011,334,TS03670252,17/08/2022,Y,Passed,,lophuromys_sikapusi,95.3,lophuromys_sikapusi,95.3
1_LAL_012,335,TS03670253,17/08/2022,Y,Passed,,crocidura_olivieri,97.2,crocidura_olivieri,97.2
1_LAL_013,336,TS03670254,17/08/2022,Y,Passed,,crocidura_olivieri,98.12,crocidura_olivieri,98.12
1_LAL_014,337,TS03670255,17/08/2022,Y,Passed,,crocidura_olivieri,97.14,crocidura_olivieri,97.14
1_LAL_015,338,TS03670256,17/08/2022,Y,Passed,,crocidura_olivieri,96.42,crocidura_olivieri,96.42
1_LAL_016,339,TS03670257,17/08/2022,Y,Passed,,crocidura_theresae,84.35,crocidura_theresae,84.35
1_LAL_018,340,TS03670258,17/08/2022,Y,Passed,,lophuromys_sikapusi,95.24,lophuromys_sikapusi,95.24
1_LAL_019,341,TS03670259,17/08/2022,Y,Passed,,lophuromys_sikapusi,95.45,lophuromys_sikapusi,95.45
1_LAL_020,342,TS03670260,17/08/2022,Y,Passed,,crocidura_grandiceps,96.98,crocidura_grandiceps,96.98
1_LAL_021,343,TS03670261,17/08/2022,Y,Passed,,crocidura_olivieri,95.45,crocidura_olivieri,95.45
1_LAL_022,344,TS03670262,17/08/2022,Y,Passed,,crocidura_theresae,96.94,crocidura_theresae,96.94
1_SEI_001,345,TS03670263,17/08/2022,Y,Passed,,praomys_rostratus,96.27,praomys_rostratus,96.27
1_SEI_003,346,TS03670264,17/08/2022,Y,Passed,,lophuromys_sikapusi,93.93,lophuromys_sikapusi,93.93
1_SEI_004,347,TS03670265,17/08/2022,Y,Passed,,lophuromys_sikapusi,92.54,lophuromys_sikapusi,92.54
1_SEI_005,348,TS03670266,17/08/2022,Y,Passed,,praomys_rostratus,89.17,praomys_rostratus,89.17
1_SEI_007,350,TS03670267,17/08/2022,Y,Passed,,crocidura_olivieri,98.13,crocidura_olivieri,98.13
1_SEI_010,351,TS03670268,17/08/2022,Y,Passed,,crocidura_olivieri,97.19,crocidura_olivieri,97.19
1_SEI_012,352,TS03670269,17/08/2022,Y,Passed,,lemniscomys_striatus,88.21,lemniscomys_striatus,88.21
1_SEI_013,353,TS03670270,17/08/2022,Y,Passed,,crocidura_olivieri,98.44,crocidura_olivieri,98.44
1_SEI_016,354,TS03670271,17/08/2022,Y,Failed,,hylomyscus_simus,85.31,hylomyscus_simus,85.31
1_SEI_017,355,TS03670272,17/08/2022,Y,Passed,,crocidura_olivieri,97.08,crocidura_olivieri,97.08
1_SEI_018,356,TS03670273,17/08/2022,Y,Passed,,gerbilliscus_guineae,87.31,gerbilliscus_guineae,87.31
1_SEI_019,357,TS03670274,17/08/2022,Y,Failed,,lophuromys_sikapusi,87.56,lophuromys_sikapusi,87.56
1_SEI_020,358,TS03670275,17/08/2022,N,,,,,,
1_SEI_023,359,TS03670276,17/08/2022,Y,Passed,,malacomys_edwardsi,89.93,malacomys_edwardsi,89.93
1_SEI_028,360,TS03670277,17/08/2022,Y,Passed,,lophuromys_sikapusi,94.66,lophuromys_sikapusi,94.66
1_SEI_030,361,TS03670278,17/08/2022,Y,Passed,,hylomyscus_simus,97.16,hylomyscus_simus,97.16
1_SEI_031,362,TS03670279,17/08/2022,Y,Passed,,lophuromys_sikapusi,95.87,lophuromys_sikapusi,95.87
1_SEI_032,363,TS03670280,17/08/2022,Y,Passed,,lophuromys_sikapusi,94.58,lophuromys_sikapusi,94.58
1_SEI_034,364,TS03670281,17/08/2022,Y,Failed,,,,hylomyscus_simus,85.29
1_SEI_035,365,TS03670282,17/08/2022,Y,Failed,,,,hybomys_planifrons,86.25
1_SEI_038,366,TS03670283,17/08/2022,Y,Passed,,crocidura_olivieri,97.15,crocidura_olivieri,97.15
1_SEI_041,367,TS03670284,17/08/2022,Y,Passed,,crocidura_buettikoferi,96.92,crocidura_buettikoferi,96.92
2_LAL_001,368,TS03670285,17/08/2022,Y,Passed,,crocidura_olivieri,90.68,crocidura_olivieri,90.68
2_LAL_002,369,TS03670286,17/08/2022,Y,Failed,,crocidura_grandiceps,97.58,crocidura_grandiceps,97.58
2_LAL_005,370,TS03670287,17/08/2022,Y,Passed,,crocidura_olivieri,93.31,crocidura_olivieri,93.31
2_LAL_009,371,TS03670288,17/08/2022,Y,Passed,,crocidura_grandiceps,96.53,crocidura_grandiceps,96.53
2_SEI_003,39,TS03670289,17/08/2022,Y,Passed,,rattus_rattus,96.91,rattus_rattus,96.91
2_SEI_004,40,TS03670290,17/08/2022,Y,Failed,,mastomys_natalensis,92.26,mastomys_natalensis,92.26
2_SEI_005,41,TS03670291,17/08/2022,Y,Passed,,mastomys_natalensis,95.75,mastomys_natalensis,95.75
2_SEI_006,42,TS03670292,17/08/2022,Y,Passed,,crocidura_olivieri,95.8,crocidura_olivieri,95.8
2_SEI_010,43,TS03670293,17/08/2022,Y,Passed,None,,,praomys_rostratus,87.04
2_SEI_011,44,TS03670294,17/08/2022,Y,Failed,None,,,praomys_rostratus,89.71
2_SEI_012,45,TS03670295,17/08/2022,Y,Passed,,praomys_rostratus,97.76,praomys_rostratus,97.76
2_SEI_015,46,TS03670296,17/08/2022,Y,Passed,,mastomys_natalensis,92.78,mastomys_natalensis,92.78
2_SEI_016,47,TS03670297,17/08/2022,Y,Passed,,mastomys_natalensis,98.53,mastomys_natalensis,98.53
2_SEI_017,48,TS03670298,17/08/2022,Y,Passed,,mastomys_natalensis,99.46,mastomys_natalensis,99.46
2_SEI_018,49,TS03670299,17/08/2022,Y,Passed,,mastomys_natalensis,98.24,mastomys_natalensis,98.24
2_SEI_019,50,TS03670300,17/08/2022,Y,Passed,,mastomys_erythroleucus,99.57,mastomys_erythroleucus,99.57
2_SEI_020,51,TS03670301,17/08/2022,Y,Failed,None,mus_musculus,88.74,mus_musculus,88.74
2_SEI_023,53,TS03670302,17/08/2022,Y,Passed,,praomys_rostratus,99.22,praomys_rostratus,99.22
2_SEI_024,54,TS03670303,17/08/2022,Y,Passed,,mus_setulosus,98.43,mus_setulosus,98.43
2_SEI_026,56,TS03670304,17/08/2022,Y,Passed,,praomys_rostratus,95.93,praomys_rostratus,95.93
2_SEI_027,57,TS03670305,17/08/2022,Y,Passed,,mus_setulosus,97.97,mus_setulosus,97.97
2_SEI_028,58,TS03670306,17/08/2022,Y,Passed,,mus_setulosus,96.48,mus_setulosus,96.48
2_SEI_037,65,TS03670307,17/08/2022,N,,,,,,
2_SEI_034,381,TS03670308,17/08/2022,Y,Passed,,lemniscomys_striatus,94.25,lemniscomys_striatus,94.25
2_SEI_036,382,TS03670309,17/08/2022,Y,Passed,,crocidura_buettikoferi,97.16,crocidura_buettikoferi,97.16
2_SEI_047,383,TS03670310,17/08/2022,Y,Passed,,lophuromys_sikapusi,94.7,lophuromys_sikapusi,94.7
2_SEI_048,384,TS03670311,17/08/2022,Y,Passed,,lophuromys_sikapusi,92.65,lophuromys_sikapusi,92.65
2_SEI_053,385,TS03670312,17/08/2022,Y,Passed,,hybomys_planifrons,96.82,hybomys_planifrons,96.82
2_SEI_054,386,TS03670313,17/08/2022,Y,Passed,,praomys_rostratus,99.25,praomys_rostratus,99.25
2_SEI_055,387,TS03670314,17/08/2022,Y,Passed,,crocidura_buettikoferi,97.06,crocidura_buettikoferi,97.06
2_SEI_056,388,TS03670315,17/08/2022,N,,,,,,
1_BAI_001,389,TS03670316,17/08/2022,Y,Passed,,hybomys_planifrons,95.12,hybomys_planifrons,95.12
2_SEI_038,66,TS03670317,17/08/2022,Y,Passed,,mastomys_natalensis,98.78,mastomys_natalensis,98.78
2_SEI_039,67,TS03670318,17/08/2022,Y,Passed,,mastomys_natalensis,94.87,mastomys_natalensis,94.87
2_SEI_040,68,TS03670319,17/08/2022,N,,,,,,
2_SEI_041,69,TS03670320,17/08/2022,Y,Passed,,praomys_rostratus,96.47,praomys_rostratus,96.47
6_LAL_002,300,TS03670321,17/08/2022,Y,Passed,,mus_setulosus,97.06,mus_setulosus,97.06
6_LAL_003,301,TS03670322,17/08/2022,Y,Passed,,mastomys_erythroleucus,93.77,mastomys_erythroleucus,93.77
6_LAL_004,302,TS03670323,17/08/2022,Y,Passed,,praomys_rostratus,98.68,praomys_rostratus,98.68
6_LAL_006,303,TS03670324,17/08/2022,Y,Passed,,mus_setulosus,96.16,mus_setulosus,96.16
6_LAL_007,304,TS03670325,17/08/2022,Y,Passed,,mus_setulosus,97.88,mus_setulosus,97.88
6_LAL_009,305,TS03670326,17/08/2022,Y,Passed,,mastomys_erythroleucus,98.26,mastomys_erythroleucus,98.26
6_LAL_010,306,TS03670327,17/08/2022,Y,Passed,,mastomys_natalensis,95.87,mastomys_natalensis,95.87
6_LAL_012,307,TS03670328,17/08/2022,Y,Passed,,rattus_rattus,97.79,rattus_rattus,97.79
6_LAL_013,308,TS03670329,17/08/2022,Y,Passed,,hylomyscus_simus,95.19,hylomyscus_simus,95.19
6_LAL_014,309,TS03670330,17/08/2022,Y,Passed,,hylomyscus_simus,96.67,hylomyscus_simus,96.67
6_LAL_015,310,TS03670331,17/08/2022,Y,Passed,,hylomyscus_simus,98.07,hylomyscus_simus,98.07
6_SEI_003,311,TS03670332,17/08/2022,Y,Passed,,malacomys_edwardsi,97.42,malacomys_edwardsi,97.42
6_SEI_004,312,TS03670333,17/08/2022,Y,Passed,,praomys_rostratus,96.6,praomys_rostratus,96.6
6_SEI_005,313,TS03670334,17/08/2022,Y,Passed,,praomys_rostratus,97.5,praomys_rostratus,97.5
6_SEI_006,314,TS03670335,17/08/2022,Y,Passed,,praomys_rostratus,98.41,praomys_rostratus,98.41
6_SEI_007,315,TS03670336,17/08/2022,Y,Passed,,malacomys_edwardsi,99.27,malacomys_edwardsi,99.27
6_SEI_008,316,TS03670337,17/08/2022,Y,Passed,,praomys_rostratus,97.7,praomys_rostratus,97.7
2_LAL_007,7,TS03670338,21/06/2023,FALSE,,,,,,
3_LAL_005,13,TS03670339,21/06/2023,FALSE,,,,,,
1_SEI_027,27,TS03670340,21/06/2023,,,FALSE,,,,
1_SEI_037,31,TS03670341,21/06/2023,,,,,,rattus_rattus,86
2_SEI_010,43,TS03670342,21/06/2023,,,FALSE,,,,
2_SEI_011,44,TS03670343,21/06/2023,,,FALSE,,,,
2_SEI_020,51,TS03670344,21/06/2023,FALSE,,,,,,
2_SEI_029,59,TS03670345,21/06/2023,,,FALSE,,,,
2_LAM_005,120,TS03670346,21/06/2023,,,,,,mus_musculus,92.04
2_LAM_006,121,TS03670347,21/06/2023,FALSE,,,,,,
2_LAM_007,122,TS03670348,21/06/2023,,,FALSE,,,,
2_LAM_008,123,TS03670349,21/06/2023,FALSE,,,,,,
2_LAM_012,127,TS03670350,21/06/2023,,,FALSE,,,,
2_LAM_013,128,TS03670351,21/06/2023,FALSE,,,,,,
2_LAM_014,129,TS03670352,21/06/2023,,,,mus_musculus,88.5,mus_musculus,88.1
2_LAM_028,141,TS03670353,21/06/2023,FALSE,,,,,,
2_LAM_033,146,TS03670354,21/06/2023,,,FALSE,,,,
2_LAM_034,147,TS03670355,21/06/2023,,,FALSE,,,,
2_LAM_036,148,TS03670356,21/06/2023,,,FALSE,,,,
4_LAL_002,150,TS03670357,21/06/2023,,,,crocidura_olivieri,100,crocidura_olivieri,100
4_LAL_003,151,TS03670358,21/06/2023,,,,crocidura_olivieri,94.7,crocidura_olivieri,94.7
4_LAL_008,155,TS03670359,21/06/2023,,,,,,rattus_rattus,100
4_LAL_010,157,TS03670360,21/06/2023,,,FALSE,,,,
4_LAL_011,158,TS03670361,21/06/2023,,,FALSE,,,,
4_LAL_012,159,TS03670362,21/06/2023,,,FALSE,,,,
4_LAL_013,160,TS03670363,21/06/2023,,,FALSE,,,,
4_LAL_014,161,TS03670364,21/06/2023,,,PENDING,,,,
4_LAL_015,162,TS03670365,21/06/2023,,,FALSE,,,,
4_LAL_016,163,TS03670366,21/06/2023,,,,,,crocidura_buettikoferi,93.1
4_LAL_017,164,TS03670367,21/06/2023,,,,,,mastomys_natalensis,93.3
4_LAL_019,166,TS03670368,21/06/2023,,,FALSE,,,,
4_LAL_020,167,TS03670369,21/06/2023,,,,crocidura_olivieri,100,crocidura_olivieri,100
4_LAL_022,168,TS03670370,21/06/2023,,,FALSE,,,,
4_LAL_024,170,TS03670371,21/06/2023,,,FALSE,,,,
4_LAL_025,171,TS03670372,21/06/2023,,,,mastomys_natalensis,100,mastomys_natalensis,100
4_LAL_026,172,TS03670373,21/06/2023,,,FALSE,,,,
4_SEI_002,173,TS03670374,21/06/2023,,,FALSE,,,,
4_SEI_004,174,TS03670375,21/06/2023,,,FALSE,,,,
4_SEI_005,175,TS03670376,21/06/2023,,,FALSE,,,,
4_SEI_006,176,TS03670377,21/06/2023,,,FALSE,,,,
4_SEI_007,177,TS03670378,21/06/2023,,,FALSE,,,,
4_SEI_010,178,TS03670379,21/06/2023,,,,,,mastomys_natalensis,92.6
4_SEI_011,179,TS03670380,21/06/2023,,,FALSE,,,,
4_SEI_012,180,TS03670381,21/06/2023,,,,,,lemniscomys_striatus,80
4_SEI_013,181,TS03670382,21/06/2023,,,FALSE,,,,
4_SEI_019,182,TS03670383,21/06/2023,,,FALSE,,,,
4_SEI_020,183,TS03670384,21/06/2023,,,FALSE,,,,
4_SEI_021,184,TS03670385,21/06/2023,,,,,,mastomys_erythroleucus,85.5
6_LAL_002,300,TS03670386,21/06/2023,,,,mus_setulosus,97.8,mus_setulosus,97.8
6_SEI_009,317,TS03670387,21/06/2023,,,FALSE,,,,
6_SEI_010,318,TS03670388,21/06/2023,,,FALSE,,,,
6_SEI_014,319,TS03670389,21/06/2023,,,FALSE,,,,
6_SEI_016,320,TS03670390,21/06/2023,,,FALSE,,,,
6_SEI_017,321,TS03670391,21/06/2023,,,,,,praomys_rostratus,89.7
6_SEI_018,322,TS03670392,21/06/2023,,,FALSE,,,,
6_SEI_019,323,TS03670393,21/06/2023,,,,,,praomys_rostratus,85.9
6_SEI_020,324,TS03670394,21/06/2023,,,,,,praomys_rostratus,84.1
6_SEI_021,325,TS03670395,21/06/2023,FALSE,,,,,,
1_SEI_001,345,TS03670396,21/06/2023,,,FALSE,,,,
1_SEI_005,348,TS03670397,21/06/2023,,,FALSE,,,,
1_SEI_006,349,TS03670398,21/06/2023,FALSE,,,,,,
1_SEI_016,354,TS03670399,21/06/2023,,,FALSE,,,,
1_SEI_020,358,TS03670400,21/06/2023,FALSE,,,,,,
2_LAL_002,369,TS03670401,21/06/2023,,,,,,crocidura_grandiceps,92.6
2_LAL_010,372,TS03670402,21/06/2023,,,FALSE,,,,
2_SEI_007,375,TS03670403,21/06/2023,,,FALSE,,,,
2_SEI_008,376,TS03670404,21/06/2023,,,FALSE,,,,
2_SEI_009,377,TS03670405,21/06/2023,,,,crocidura_grandiceps,87.7,crocidura_grandiceps,87.7
2_SEI_013,378,TS03670406,21/06/2023,FALSE,,,,,,
2_SEI_014,379,TS03670407,21/06/2023,,,FALSE,,,,
2_SEI_021,380,TS03670408,21/06/2023,,,FALSE,,,,
6_SEI_001,484,TS03670409,21/06/2023,,,FALSE,,,,
6_SEI_002,485,TS03670410,21/06/2023,,,,,,crocidura_olivieri,100
6_SEI_015,489,TS03670411,21/06/2023,,,FALSE,,,,
1_LAL_014,337,TS03670412,21/06/2023,,,,,,crocidura_olivieri,85
2_LAL_012,374,TS03670413,21/06/2023,,,FALSE,,,,
1_LAM_001,397,TS03670414,21/06/2023,,,,,,crocidura_olivieri,78
1_LAM_002,398,TS03670415,21/06/2023,,,,,,crocidura_grandiceps,81.4
1_LAM_003,399,TS03670416,21/06/2023,,,,rattus_rattus,94.3,rattus_rattus,94.3
1_LAM_006,402,TS03670417,21/06/2023,,,FALSE,,,,
3_LAL_001,403,TS03670418,21/06/2023,,,FALSE,,,,
3_LAL_002,404,TS03670419,21/06/2023,,,FALSE,,,,
3_LAL_007,15,TS03670420,21/06/2023,,,,,,mastomys_natalensis,100
3_SEI_010,91,TS03670421,21/06/2023,,,FALSE,,,,
3_SEI_011,92,TS03670422,21/06/2023,,,,,,mus_minutoides,85
3_SEI_012,413,TS03670423,21/06/2023,,,,,,crocidura_theresae,91.7
3_SEI_013,93,TS03670424,21/06/2023,,,FALSE,,,,
3_SEI_015,415,TS03670425,21/06/2023,,,FALSE,,,,
3_SEI_018,95,TS03670426,21/06/2023,,,,praomys_rostratus,97.3,praomys_rostratus,97.3
2_LAM_001,423,TS03670427,21/06/2023,,,FALSE,,,,
2_LAM_003,119,TS03670428,21/06/2023,,,FALSE,,,,
2_LAM_017,426,TS03670429,21/06/2023,,,,,,crocidura_olivieri,79.8
2_LAM_018,132,TS03670430,21/06/2023,,,,,,mus_musculus,88.4
2_LAM_020,134,TS03670431,21/06/2023,,,,,,mus_musculus,80.3
2_LAM_021,135,TS03670432,21/06/2023,,,,,,mus_musculus,88.8
2_LAM_022,427,TS03670433,21/06/2023,,,FALSE,,,,
2_LAM_023,136,TS03670434,21/06/2023,,,FALSE,,,,
2_LAM_024,137,TS03670435,21/06/2023,,,FALSE,,,,
2_LAM_025,138,TS03670436,21/06/2023,,,PENDING,,,,
2_LAM_030,143,TS03670437,21/06/2023,,,FALSE,,,,
2_LAM_031,144,TS03670438,21/06/2023,,,,mus_musculus,99.01,mus_musculus,99.01
2_LAM_032,145,TS03670439,21/06/2023,,,,,,mus_musculus,86.3
4_LAL_007,154,TS03670440,21/06/2023,,,FALSE,,,,
4_LAL_009,156,TS03670441,21/06/2023,,,FALSE,,,,
4_LAL_028,432,TS03670442,21/06/2023,,,,,,crocidura_theresae,87.93
4_SEI_001,433,TS03670443,21/06/2023,,,FALSE,,,,
4_SEI_003,434,TS03670444,21/06/2023,,,,,,crocidura_olivieri,100
4_SEI_008,435,TS03670445,21/06/2023,,,,,,lophuromys_sikapusi,86.5
4_SEI_009,436,TS03670446,21/06/2023,,,,lophuromys_sikapusi,94.2,lophuromys_sikapusi,94.2
4_SEI_014,437,TS03670447,21/06/2023,,,FALSE,,,,
4_SEI_015,438,TS03670448,21/06/2023,,,FALSE,,,,
4_SEI_016,439,TS03670449,21/06/2023,,,,lophuromys_sikapusi,100,lophuromys_sikapusi,90.7
4_SEI_017,440,TS03670450,21/06/2023,,,,lophuromys_sikapusi,97.6,lophuromys_sikapusi,97.6
4_SEI_018,441,TS03670451,21/06/2023,,,FALSE,,,,
4_SEI_022,185,TS03670452,21/06/2023,,,,praomys_rostratus,100,praomys_rostratus,100
4_SEI_023,186,TS03670453,21/06/2023,,,FALSE,,,,
3_BAI_001,442,TS03670454,21/06/2023,,,FALSE,,,,
3_BAI_002,443,TS03670455,21/06/2023,,,FALSE,,,,
3_BAI_003,187,TS03670456,21/06/2023,,,FALSE,,,,
3_BAI_004,188,TS03670457,21/06/2023,,,FALSE,,,,
3_BAI_005,189,TS03670458,21/06/2023,,,FALSE,,,,
3_BAI_006,444,TS03670459,21/06/2023,,,,,,crocidura_olivieri,79.3
3_BAI_008,190,TS03670460,21/06/2023,,,,rattus_rattus,95.16,rattus_rattus,95.16
3_BAI_009,191,TS03670461,21/06/2023,,,,,,rattus_rattus,83.1
3_BAI_010,192,TS03670462,21/06/2023,,,FALSE,,,,
3_BAI_011,193,TS03670463,21/06/2023,,,FALSE,,,,
3_BAI_016,447,TS03670464,21/06/2023,,,,,,gerbilliscus_guinea,83.7
3_BAI_017,197,TS03670465,21/06/2023,,,FALSE,,,,
3_BAI_018,198,TS03670466,21/06/2023,,,FALSE,,,,
3_BAI_019,448,TS03670467,21/06/2023,,,FALSE,,,,
3_BAI_020,199,TS03670468,21/06/2023,,,FALSE,,,,
3_LAM_001,201,TS03670469,21/06/2023,,,,,,mastomys_natalensis,96.8
3_LAM_011,210,TS03670470,21/06/2023,,,FALSE,,,,
3_LAM_014,450,TS03670471,21/06/2023,,,FALSE,,,,
3_LAM_015,213,TS03670472,21/06/2023,,,,mus_musculus,88.9,mus_musculus,88.9
3_LAM_016,214,TS03670473,21/06/2023,,,,,,mastomys_natalensis,85.1
3_LAM_017,215,TS03670474,21/06/2023,,,FALSE,,,,
3_LAM_018,216,TS03670475,21/06/2023,,,FALSE,,,,
5_LAL_002,451,TS03670476,21/06/2023,,,,,,lophuromys_sikapusi,96.3
5_LAL_005,452,TS03670477,21/06/2023,,,,,,crocidura_olivieri,82.14
5_LAL_006,453,TS03670478,21/06/2023,,,FALSE,,,,
5_LAL_008,454,TS03670479,21/06/2023,,,FALSE,,,,
5_LAL_010,455,TS03670480,21/06/2023,,,FALSE,,,,
5_LAL_011,456,TS03670481,21/06/2023,,,FALSE,,,,
5_LAL_012,457,TS03670482,21/06/2023,,,FALSE,,,,
5_LAL_013,458,TS03670483,21/06/2023,,,FALSE,,,,
5_LAL_014,459,TS03670484,21/06/2023,,,FALSE,,,,
5_SEI_001,460,TS03670485,21/06/2023,,,FALSE,,,,
5_SEI_002,461,TS03670486,21/06/2023,,,FALSE,,,,
5_SEI_003,225,TS03670487,21/06/2023,,,,,,praomys_rostratus,90.48
5_SEI_004,462,TS03670488,21/06/2023,,,FALSE,,,,
5_SEI_005,463,TS03670489,21/06/2023,,,FALSE,,,,
5_SEI_006,464,TS03670490,21/06/2023,,,FALSE,,,,
5_SEI_007,226,TS03670491,21/06/2023,,,FALSE,,,,
5_SEI_008,227,TS03670492,21/06/2023,,,,,,praomys_rostratus,93.3
5_SEI_009,228,TS03670493,21/06/2023,,,,,,praomys_rostratus,88.1
5_SEI_010,229,TS03670494,21/06/2023,,,FALSE,,,,
5_SEI_011,465,TS03670495,21/06/2023,,,FALSE,,,,
5_SEI_012,230,TS03670496,21/06/2023,,,FALSE,,,,
5_SEI_013,231,TS03670497,21/06/2023,,,FALSE,,,,
5_SEI_014,466,TS03670498,21/06/2023,,,FALSE,,,,
5_SEI_016,232,TS03670499,21/06/2023,,,,,,praomys_rostratus,100
5_SEI_017,468,TS03670500,21/06/2023,,,FALSE,,,,
5_SEI_018,469,TS03670501,21/06/2023,,,FALSE,,,,
5_SEI_019,233,TS03670502,21/06/2023,,,FALSE,,,,
5_SEI_023,236,TS03670503,21/06/2023,,,FALSE,,,,
5_SEI_025,238,TS03670504,21/06/2023,,,FALSE,,,,
5_SEI_026,239,TS03670505,21/06/2023,,,FALSE,,,,
5_SEI_027,240,TS03670506,21/06/2023,,,FALSE,,,,
5_SEI_028,471,TS03670507,21/06/2023,,,FALSE,,,,
5_SEI_029,241,TS03670508,21/06/2023,,,FALSE,,,,
5_SEI_030,242,TS03670509,21/06/2023,,,FALSE,,,,
5_SEI_031,243,TS03670510,21/06/2023,,,FALSE,,,,
5_SEI_032,244,TS03670511,21/06/2023,,,FALSE,,,,
5_SEI_033,245,TS03670512,21/06/2023,,,FALSE,,,,
5_SEI_034,246,TS03670513,21/06/2023,,,FALSE,,,,
5_SEI_035,247,TS03670514,21/06/2023,,,FALSE,,,,
5_SEI_036,248,TS03670515,21/06/2023,,,FALSE,,,,
5_SEI_037,249,TS03670516,21/06/2023,,,FALSE,,,,
5_SEI_038,250,TS03670517,21/06/2023,,,FALSE,,,,
5_SEI_039,251,TS03670518,21/06/2023,,,FALSE,,,,
5_SEI_040,252,TS03670519,21/06/2023,,,FALSE,,,,
5_SEI_041,472,TS03670520,21/06/2023,,,FALSE,,,,
5_SEI_042,253,TS03670521,21/06/2023,,,,,,mastomys_natalensis,100
5_SEI_043,254,TS03670522,21/06/2023,,,FALSE,,,,
5_SEI_044,255,TS03670523,21/06/2023,,,FALSE,,,,
4_BAI_001,256,TS03670524,21/06/2023,,,FALSE,,,,
4_BAI_002,257,TS03670525,21/06/2023,,,FALSE,,,,
4_BAI_004,259,TS03670526,21/06/2023,,,FALSE,,,,
4_BAI_005,260,TS03670527,21/06/2023,,,FALSE,,,,
4_BAI_006,261,TS03670528,21/06/2023,,,FALSE,,,,
4_BAI_009,264,TS03670529,21/06/2023,,,FALSE,,,,
4_BAI_010,265,TS03670530,21/06/2023,,,FALSE,,,,
4_BAI_011,266,TS03670531,21/06/2023,,,FALSE,,,,
4_BAI_012,473,TS03670532,21/06/2023,,,FALSE,,,,
4_BAI_013,474,TS03670533,21/06/2023,,,FALSE,,,,
4_BAI_019,272,TS03670534,21/06/2023,,,FALSE,,,,
4_BAI_021,274,TS03670535,21/06/2023,,,FALSE,,,,
4_BAI_022,275,TS03670536,21/06/2023,,,FALSE,,,,
4_LAM_001,475,TS03670537,21/06/2023,,,FALSE,,,,
4_LAM_002,476,TS03670538,21/06/2023,,,,,,crocidura_olivieri,100
4_LAM_003,477,TS03670539,21/06/2023,,,FALSE,,,,
4_LAM_004,478,TS03670540,21/06/2023,,,FALSE,,,,
4_LAM_009,278,TS03670541,21/06/2023,,,FALSE,,,,
4_LAM_012,281,TS03670542,21/06/2023,,,FALSE,,,,
4_LAM_014,283,TS03670543,21/06/2023,,,FALSE,,,,
4_LAM_015,284,TS03670544,21/06/2023,,,FALSE,,,,
4_LAM_016,285,TS03670545,21/06/2023,,,FALSE,,,,
4_LAM_017,286,TS03670546,21/06/2023,,,,,,mus_musculus,90.3
4_LAM_018,287,TS03670547,21/06/2023,,,FALSE,,,,
4_LAM_019,288,TS03670548,21/06/2023,,,FALSE,,,,
4_LAM_020,289,TS03670549,21/06/2023,,,FALSE,,,,
6_LAL_008,482,TS03670550,21/06/2023,,,,hylomyscus_simus,90,hylomyscus_simus,90
6_LAL_011,483,TS03670551,21/06/2023,,,,,,crocidura_olivieri,86.1
6_SEI_011,486,TS03670552,21/06/2023,,,,praomys_rostratus,98,praomys_rostratus,98
6_SEI_012,487,TS03670553,21/06/2023,,,FALSE,,,,
6_SEI_013,488,TS03670554,21/06/2023,,,FALSE,,,,
7_BAI_001,563,TS03670555,21/06/2023,,,FALSE,,,,
8_LAL_005,620,TS03670556,21/06/2023,,,FALSE,,,,
8_LAL_006,621,TS03670557,21/06/2023,,,FALSE,,,,
8_LAL_008,623,TS03670558,21/06/2023,,,FALSE,,,,
8_LAL_009,624,TS03670559,21/06/2023,,,FALSE,,,,
8_LAL_010,625,TS03670560,21/06/2023,,,FALSE,,,,
8_LAL_011,626,TS03670561,21/06/2023,,,FALSE,,,,
8_LAM_005,645,TS03670562,21/06/2023,,,FALSE,,,,
8_LAM_007,647,TS03670563,21/06/2023,,,,,,crocidura_olivieri,80
8_LAM_008,648,TS03670564,21/06/2023,,,FALSE,,,,
8_LAM_009,649,TS03670565,21/06/2023,,,FALSE,,,,
9_LAL_001,650,TS03670566,21/06/2023,,,FALSE,,,,
9_LAL_002,651,TS03670567,21/06/2023,,,FALSE,,,,
9_LAL_003,652,TS03670568,21/06/2023,,,FALSE,,,,
9_LAL_004,653,TS03670569,21/06/2023,,,FALSE,,,,
9_LAL_005,654,TS03670570,21/06/2023,,,,,,hylomyscus_simus,98.7
9_LAL_006,655,TS03670571,21/06/2023,,,FALSE,,,,
9_LAL_007,656,TS03670572,21/06/2023,,,FALSE,,,,
9_LAL_008,657,TS03670573,21/06/2023,,,FALSE,,,,
9_LAL_009,658,TS03670574,21/06/2023,,,FALSE,,,,
9_LAL_010,659,TS03670576,21/06/2023,,,FALSE,,,,
9_LAL_011,660,TS03670578,21/06/2023,,,FALSE,,,,
9_LAL_012,661,TS03670580,21/06/2023,FALSE,,,,,,
9_SEI_001,662,TS03670581,21/06/2023,FALSE,,,,,,
9_SEI_002,663,TS03670582,21/06/2023,FALSE,,,,,,
9_SEI_003,664,TS03670583,21/06/2023,,,FALSE,,,,
9_SEI_004,665,TS03670585,21/06/2023,,,FALSE,,,,
9_SEI_005,666,TS03670587,21/06/2023,FALSE,,,,,,
9_SEI_006,667,TS03670588,21/06/2023,,,FALSE,,,,
9_SEI_007,668,TS03670590,21/06/2023,,,,lophuromys_sikapusi,93.2,lophuromys_sikapusi,93.2
9_SEI_008,669,TS03670591,21/06/2023,,,FALSE,,,,
9_SEI_009,670,TS03670592,21/06/2023,,,FALSE,,,,
9_SEI_012,673,TS03670593,21/06/2023,,,FALSE,,,,
9_SEI_013,674,TS03670594,21/06/2023,,,FALSE,,,,
9_SEI_014,675,TS03670595,21/06/2023,,,FALSE,,,,
9_SEI_015,676,TS03670596,21/06/2023,,,FALSE,,,,
9_SEI_016,677,TS03670597,21/06/2023,,,FALSE,,,,
9_SEI_017,678,TS03670598,21/06/2023,,,FALSE,,,,
9_SEI_018,679,TS03670599,21/06/2023,,,FALSE,,,,
9_SEI_019,680,TS03670600,21/06/2023,,,,rattus_rattus,99.6,rattus_rattus,99.6
9_SEI_020,681,TS03670601,21/06/2023,,,FALSE,,,,
9_SEI_021,682,TS03670602,21/06/2023,,,FALSE,,,,
9_LAM_001,683,TS03670603,21/06/2023,,,FALSE,,,,
9_LAM_012,694,TS03670604,21/06/2023,,,FALSE,,,,
9_LAM_013,695,TS03670605,21/06/2023,,,FALSE,,,,
9_LAM_014,696,TS03670606,21/06/2023,,,FALSE,,,,
9_LAM_015,697,TS03670607,21/06/2023,,,,,,mus_musculus,100
9_LAM_016,698,TS03670608,21/06/2023,,,FALSE,,,,
9_LAM_017,699,TS03670609,21/06/2023,,,FALSE,,,,
9_LAM_018,700,TS03670610,21/06/2023,,,FALSE,,,,
9_LAM_020,702,TS03670611,21/06/2023,,,FALSE,,,,
9_LAM_021,703,TS03670612,21/06/2023,,,FALSE,,,,
9_LAM_022,704,TS03670613,21/06/2023,,,FALSE,,,,
9_BAI_001,705,TS03670614,21/06/2023,,,FALSE,,,,
9_BAI_002,706,TS03670615,21/06/2023,,,FALSE,,,,
9_BAI_003,707,TS03670616,21/06/2023,,,FALSE,,,,
9_BAI_004,708,TS03670617,21/06/2023,,,,mastomys_natalensis,100,mastomys_natalensis,100
9_BAI_005,709,TS03670618,21/06/2023,,,,mastomys_natalensis,100,mastomys_natalensis,100
9_BAI_006,710,TS03670619,21/06/2023,,,FALSE,,,,
9_BAI_007,711,TS03670620,21/06/2023,,,FALSE,,,,
9_BAI_008,712,TS03670621,21/06/2023,,,FALSE,,,,
,,TS03670622,17/08/2022,,,,,,,
,,TS03670623,17/08/2022,,,,,,,
,,TS03670624,17/08/2022,,,,,,,
,,TS03670625,17/08/2022,,,,,,,
,,TS03670626,17/08/2022,,,,,,,
,,TS03670627,17/08/2022,,,,,,,
,,TS03670628,17/08/2022,,,,,,,
,,TS03670629,17/08/2022,,,,,,,
,,TS03670630,17/08/2022,,,,,,,
,,TS03670631,17/08/2022,,,,,,,
,,TS03670632,17/08/2022,,,,,,,
,,TS03670633,17/08/2022,,,,,,,
,,TS03670634,17/08/2022,,,,,,,
,,TS03670635,17/08/2022,,,,,,,
,,TS03670636,17/08/2022,,,,,,,
,,TS03670637,17/08/2022,,,,,,,
,,TS03670638,17/08/2022,,,,,,,
,,TS03670639,17/08/2022,,,,,,,
,,TS03670640,17/08/2022,,,,,,,
,,TS03670641,17/08/2022,,,,,,,
,,TS03670642,17/08/2022,,,,,,,
,,TS03670643,17/08/2022,,,,,,,
,,TS03670644,17/08/2022,,,,,,,
,,TS03670645,17/08/2022,,,,,,,
,,TS03670646,17/08/2022,,,,,,,
,,TS03670647,17/08/2022,,,,,,,
,,TS03670648,17/08/2022,,,,,,,
,,TS03670649,17/08/2022,,,,,,,
,,TS03670650,17/08/2022,,,,,,,
,,TS03670651,17/08/2022,,,,,,,
,,TS03670652,17/08/2022,,,,,,,
,,TS03670653,17/08/2022,,,,,,,
,,TS03670654,17/08/2022,,,,,,,
,,TS03670655,17/08/2022,,,,,,,
,,TS03670656,17/08/2022,,,,,,,
,,TS03670657,17/08/2022,,,,,,,
,,TS03670658,17/08/2022,,,,,,,
,,TS03670659,17/08/2022,,,,,,,
,,TS03670660,17/08/2022,,,,,,,
,,TS03670661,17/08/2022,,,,,,,
,,TS03670662,17/08/2022,,,,,,,
,,TS03670663,17/08/2022,,,,,,,
,,TS03670664,17/08/2022,,,,,,,
,,TS03670665,17/08/2022,,,,,,,
,,TS03670666,17/08/2022,,,,,,,
,,TS03670667,17/08/2022,,,,,,,
,,TS03670668,17/08/2022,,,,,,,
,,TS03670669,17/08/2022,,,,,,,
,,TS03670670,17/08/2022,,,,,,,
,,TS03670671,17/08/2022,,,,,,,
,,TS03670672,17/08/2022,,,,,,,
,,TS03670673,17/08/2022,,,,,,,
,,TS03670674,17/08/2022,,,,,,,
,,TS03670675,17/08/2022,,,,,,,
,,TS03670676,17/08/2022,,,,,,,
,,TS03670677,17/08/2022,,,,,,,
,,TS03670678,17/08/2022,,,,,,,
,,TS03670679,17/08/2022,,,,,,,
,,TS03670680,17/08/2022,,,,,,,
,,TS03670681,17/08/2022,,,,,,,
,,TS03670682,17/08/2022,,,,,,,
,,TS03670683,17/08/2022,,,,,,,
,,TS03670684,17/08/2022,,,,,,,
,,TS03670685,17/08/2022,,,,,,,
,,TS03670686,17/08/2022,,,,,,,
,,TS03670687,17/08/2022,,,,,,,
,,TS03670688,17/08/2022,,,,,,,
,,TS03670689,17/08/2022,,,,,,,
,,TS03670690,17/08/2022,,,,,,,
,,TS03670691,17/08/2022,,,,,,,
,,TS03670692,17/08/2022,,,,,,,
,,TS03670693,17/08/2022,,,,,,,
,,TS03670694,17/08/2022,,,,,,,
,,TS03670695,17/08/2022,,,,,,,
,,TS03670696,17/08/2022,,,,,,,
,,TS03670697,17/08/2022,,,,,,,
,,TS03670698,17/08/2022,,,,,,,
,,TS03670699,17/08/2022,,,,,,,
,,TS03670700,17/08/2022,,,,,,,
,,TS03670701,17/08/2022,,,,,,,
,,TS03670702,17/08/2022,,,,,,,
,,TS03670703,17/08/2022,,,,,,,
,,TS03670704,17/08/2022,,,,,,,
,,TS03670705,17/08/2022,,,,,,,
,,TS03670706,17/08/2022,,,,,,,
,,TS03670707,17/08/2022,,,,,,,
,,TS03545731,22/06/2022,,,,,,,
,,TS03545732,22/06/2022,,,,,,,
,,TS03545733,22/06/2022,,,,,,,
,,TS03545734,22/06/2022,,,,,,,
,,TS03545735,22/06/2022,,,,,,,
,,TS03545736,22/06/2022,,,,,,,
,,TS03545737,22/06/2022,,,,,,,
,,TS03545738,22/06/2022,,,,,,,
,,TS03545739,22/06/2022,,,,,,,
,,TS03545740,22/06/2022,,,,,,,
,,TS03545741,22/06/2022,,,,,,,
,,TS03545742,22/06/2022,,,,,,,
,,TS03545743,22/06/2022,,,,,,,
,,TS03545744,22/06/2022,,,,,,,
,,TS03545745,22/06/2022,,,,,,,
,,TS03545746,22/06/2022,,,,,,,
,,TS03545747,22/06/2022,,,,,,,
,,TS03545748,22/06/2022,,,,,,,
,,TS03545749,22/06/2022,,,,,,,
,,TS03545750,22/06/2022,,,,,,,
,,TS03545751,22/06/2022,,,,,,,
,,TS03545752,22/06/2022,,,,,,,
,,TS03545753,22/06/2022,,,,,,,
,,TS03545754,22/06/2022,,,,,,,
,,TS03545755,22/06/2022,,,,,,,
,,TS03545756,22/06/2022,,,,,,,
,,TS03545757,22/06/2022,,,,,,,
,,TS03545758,22/06/2022,,,,,,,
,,TS03545759,22/06/2022,,,,,,,
,,TS03545760,22/06/2022,,,,,,,
,,TS03545761,22/06/2022,,,,,,,
,,TS03545762,22/06/2022,,,,,,,
,,TS03545763,22/06/2022,,,,,,,
,,TS03545764,22/06/2022,,,,,,,
,,TS03545765,22/06/2022,,,,,,,
,,TS03545766,22/06/2022,,,,,,,
,,TS03545767,22/06/2022,,,,,,,
,,TS03545768,22/06/2022,,,,,,,
,,TS03545769,22/06/2022,,,,,,,
,,TS03545770,22/06/2022,,,,,,,
,,TS03545771,22/06/2022,,,,,,,
,,TS03545772,22/06/2022,,,,,,,
,,TS03545773,22/06/2022,,,,,,,
,,TS03545774,22/06/2022,,,,,,,
,,TS03545775,22/06/2022,,,,,,,
,,TS03545776,22/06/2022,,,,,,,
,,TS03545777,22/06/2022,,,,,,,
,,TS03545778,22/06/2022,,,,,,,
,,TS03545779,22/06/2022,,,,,,,
,,TS03545780,22/06/2022,,,,,,,
,,TS03545781,22/06/2022,,,,,,,
,,TS03545782,22/06/2022,,,,,,,
,,TS03545783,22/06/2022,,,,,,,
,,TS03545784,22/06/2022,,,,,,,
,,TS03545785,22/06/2022,,,,,,,
,,TS03545786,22/06/2022,,,,,,,
,,TS03545787,22/06/2022,,,,,,,
,,TS03545788,22/06/2022,,,,,,,
,,TS03545789,22/06/2022,,,,,,,
,,TS03545790,22/06/2022,,,,,,,
,,TS03545791,22/06/2022,,,,,,,
,,TS03545792,22/06/2022,,,,,,,
,,TS03545793,22/06/2022,,,,,,,
,,TS03545794,22/06/2022,,,,,,,
,,TS03545795,22/06/2022,,,,,,,
,,TS03545796,22/06/2022,,,,,,,
,,TS03545797,22/06/2022,,,,,,,
,,TS03545798,22/06/2022,,,,,,,
,,TS03545799,22/06/2022,,,,,,,
,,TS03545800,22/06/2022,,,,,,,
,,TS03545801,22/06/2022,,,,,,,
,,TS03545802,22/06/2022,,,,,,,
,,TS03545803,22/06/2022,,,,,,,
,,TS03545804,22/06/2022,,,,,,,
,,TS03545805,22/06/2022,,,,,,,
,,TS03545806,22/06/2022,,,,,,,
,,TS03545807,22/06/2022,,,,,,,
,,TS03545808,22/06/2022,,,,,,,
,,TS03545809,22/06/2022,,,,,,,
,,TS03545810,22/06/2022,,,,,,,
,,TS03545811,22/06/2022,,,,,,,
,,TS03545812,22/06/2022,,,,,,,
,,TS03545813,22/06/2022,,,,,,,
,,TS03545814,22/06/2022,,,,,,,
,,TS03545815,22/06/2022,,,,,,,
,,TS03545816,22/06/2022,,,,,,,
,,TS03545817,22/06/2022,,,,,,,
,,TS03545818,22/06/2022,,,,,,,
,,TS03545819,22/06/2022,,,,,,,
,,TS03545820,22/06/2022,,,,,,,
,,TS03545821,22/06/2022,,,,,,,
,,TS03545822,22/06/2022,,,,,,,
,,TS03545823,22/06/2022,,,,,,,
,,TS03545824,22/06/2022,,,,,,,
,,TS03545825,22/06/2022,,,,,,,
,,TS03545826,22/06/2022,,,,,,,
,,TS03545827,22/06/2022,,,,,,,
,,TS03545828,22/06/2022,,,,,,,
,,TS03545829,22/06/2022,,,,,,,
,,TS03545830,22/06/2022,,,,,,,
,,TS03545831,22/06/2022,,,,,,,
,,TS03545832,22/06/2022,,,,,,,
,,TS03545833,22/06/2022,,,,,,,
,,TS03545834,22/06/2022,,,,,,,
,,TS03545835,22/06/2022,,,,,,,
,,TS03545836,22/06/2022,,,,,,,
,,TS03545837,22/06/2022,,,,,,,
,,TS03545838,22/06/2022,,,,,,,
,,TS03545839,22/06/2022,,,,,,,
,,TS03545840,22/06/2022,,,,,,,
,,TS03545841,22/06/2022,,,,,,,
,,TS03545842,22/06/2022,,,,,,,
,,TS03545843,22/06/2022,,,,,,,
,,TS03545844,22/06/2022,,,,,,,
,,TS03545845,22/06/2022,,,,,,,
,,TS03545846,22/06/2022,,,,,,,
,,TS03545847,22/06/2022,,,,,,,
,,TS03545848,22/06/2022,,,,,,,
,,TS03545849,22/06/2022,,,,,,,
,,TS03545850,22/06/2022,,,,,,,
,,TS03545851,22/06/2022,,,,,,,
,,TS03545852,22/06/2022,,,,,,,
,,TS03545853,22/06/2022,,,,,,,
,,TS03545854,22/06/2022,,,,,,,
,,TS03545855,22/06/2022,,,,,,,
,,TS03545856,22/06/2022,,,,,,,
,,TS03545857,22/06/2022,,,,,,,
,,TS03545858,22/06/2022,,,,,,,
,,TS03545859,22/06/2022,,,,,,,
,,TS03545860,22/06/2022,,,,,,,
,,TS03545861,22/06/2022,,,,,,,
,,TS03545862,22/06/2022,,,,,,,
,,TS03545863,22/06/2022,,,,,,,
,,TS03545864,22/06/2022,,,,,,,
,,TS03545865,22/06/2022,,,,,,,
,,TS03545866,22/06/2022,,,,,,,
,,TS03545867,22/06/2022,,,,,,,
,,TS03545868,22/06/2022,,,,,,,
,,TS03545869,22/06/2022,,,,,,,
,,TS03545870,22/06/2022,,,,,,,
,,TS03545871,22/06/2022,,,,,,,
,,TS03545872,22/06/2022,,,,,,,
,,TS03545873,22/06/2022,,,,,,,
,,TS03545874,22/06/2022,,,,,,,
,,TS03545875,22/06/2022,,,,,,,
,,TS03545876,22/06/2022,,,,,,,
,,TS03545877,22/06/2022,,,,,,,
,,TS03545878,22/06/2022,,,,,,,
,,TS03545879,22/06/2022,,,,,,,
,,TS03545880,22/06/2022,,,,,,,
,,TS03545881,22/06/2022,,,,,,,
,,TS03545882,22/06/2022,,,,,,,
,,TS03545883,22/06/2022,,,,,,,
,,TS03545884,22/06/2022,,,,,,,
,,TS03545885,22/06/2022,,,,,,,
,,TS03545886,22/06/2022,,,,,,,
,,TS03545887,22/06/2022,,,,,,,
,,TS03545888,22/06/2022,,,,,,,
,,TS03545889,22/06/2022,,,,,,,
,,TS03545890,22/06/2022,,,,,,,
,,TS03545891,22/06/2022,,,,,,,
,,TS03545892,22/06/2022,,,,,,,
,,TS03545893,22/06/2022,,,,,,,
,,TS03545894,22/06/2022,,,,,,,
,,TS03545895,22/06/2022,,,,,,,
,,TS03545896,22/06/2022,,,,,,,
,,TS03545897,22/06/2022,,,,,,,
,,TS03545898,22/06/2022,,,,,,,
,,TS03545899,22/06/2022,,,,,,,
,,TS03545900,22/06/2022,,,,,,,
,,TS03545901,22/06/2022,,,,,,,
,,TS03545902,22/06/2022,,,,,,,
,,TS03545903,22/06/2022,,,,,,,
,,TS03545904,22/06/2022,,,,,,,
,,TS03545905,22/06/2022,,,,,,,
,,TS03545906,22/06/2022,,,,,,,
,,TS03545907,22/06/2022,,,,,,,
,,TS03545908,22/06/2022,,,,,,,
,,TS03545909,22/06/2022,,,,,,,
,,TS03545910,22/06/2022,,,,,,,
,,TS03545911,22/06/2022,,,,,,,
,,TS03545912,22/06/2022,,,,,,,
,,TS03545913,22/06/2022,,,,,,,
,,TS03545914,22/06/2022,,,,,,,
,,TS03545915,22/06/2022,,,,,,,
,,TS03545916,22/06/2022,,,,,,,
,,TS03545917,22/06/2022,,,,,,,
,,TS03545918,22/06/2022,,,,,,,
,,TS03545919,22/06/2022,,,,,,,
,,TS03545920,22/06/2022,,,,,,,
,,TS03545921,22/06/2022,,,,,,,
,,TS03545922,22/06/2022,,,,,,,
,,TS03545923,22/06/2022,,,,,,,
,,TS03545924,22/06/2022,,,,,,,
,,TS03545925,22/06/2022,,,,,,,
,,TS03545926,22/06/2022,,,,,,,
,,TS03545927,22/06/2022,,,,,,,
,,TS03545928,22/06/2022,,,,,,,
,,TS03545929,22/06/2022,,,,,,,
,,TS03545930,22/06/2022,,,,,,,
,,TS03545931,22/06/2022,,,,,,,
,,TS03545932,22/06/2022,,,,,,,
,,TS03545933,22/06/2022,,,,,,,
,,TS03545934,22/06/2022,,,,,,,
,,TS03545935,22/06/2022,,,,,,,
,,TS03545936,22/06/2022,,,,,,,
,,TS03545937,22/06/2022,,,,,,,
,,TS03545938,22/06/2022,,,,,,,
,,TS03545939,22/06/2022,,,,,,,
,,TS03545940,22/06/2022,,,,,,,
,,TS03545941,22/06/2022,,,,,,,
,,TS03545942,22/06/2022,,,,,,,
,,TS03545943,22/06/2022,,,,,,,
,,TS03545944,22/06/2022,,,,,,,
,,TS03545945,22/06/2022,,,,,,,
,,TS03545946,22/06/2022,,,,,,,
,,TS03545947,22/06/2022,,,,,,,
,,TS03545948,22/06/2022,,,,,,,
,,TS03545949,22/06/2022,,,,,,,
,,TS03545950,22/06/2022,,,,,,,
,,TS03545951,22/06/2022,,,,,,,
,,TS03545952,22/06/2022,,,,,,,
,,TS03545953,22/06/2022,,,,,,,
,,TS03545954,22/06/2022,,,,,,,
,,TS03545955,22/06/2022,,,,,,,
,,TS03545956,22/06/2022,,,,,,,
,,TS03545957,22/06/2022,,,,,,,
,,TS03545958,22/06/2022,,,,,,,
,,TS03545959,22/06/2022,,,,,,,
,,TS03545960,22/06/2022,,,,,,,
,,TS03545961,22/06/2022,,,,,,,
,,TS03545962,22/06/2022,,,,,,,
,,TS03545963,22/06/2022,,,,,,,
,,TS03545964,22/06/2022,,,,,,,
,,TS03545965,22/06/2022,,,,,,,
,,TS03545966,22/06/2022,,,,,,,
,,TS03545967,22/06/2022,,,,,,,
,,TS03545968,22/06/2022,,,,,,,
,,TS03545969,22/06/2022,,,,,,,
,,TS03545970,22/06/2022,,,,,,,
,,TS03545971,22/06/2022,,,,,,,
,,TS03545972,22/06/2022,,,,,,,
,,TS03545973,22/06/2022,,,,,,,
,,TS03545974,22/06/2022,,,,,,,
,,TS03545975,22/06/2022,,,,,,,
,,TS03545976,22/06/2022,,,,,,,
,,TS03545977,22/06/2022,,,,,,,
,,TS03545978,22/06/2022,,,,,,,
,,TS03545979,22/06/2022,,,,,,,
,,TS03545980,22/06/2022,,,,,,,
,,TS03545981,22/06/2022,,,,,,,
,,TS03545982,22/06/2022,,,,,,,
,,TS03545983,22/06/2022,,,,,,,
,,TS03545984,22/06/2022,,,,,,,
,,TS03545985,22/06/2022,,,,,,,
,,TS03545986,22/06/2022,,,,,,,
,,TS03545987,22/06/2022,,,,,,,
,,TS03545988,22/06/2022,,,,,,,
,,TS03545989,22/06/2022,,,,,,,
,,TS03545990,22/06/2022,,,,,,,
,,TS03545991,22/06/2022,,,,,,,
,,TS03545992,22/06/2022,,,,,,,
,,TS03545993,22/06/2022,,,,,,,
,,TS03545994,22/06/2022,,,,,,,
,,TS03545995,22/06/2022,,,,,,,
,,TS03545996,22/06/2022,,,,,,,
,,TS03545997,22/06/2022,,,,,,,
,,TS03545998,22/06/2022,,,,,,,
,,TS03545999,22/06/2022,,,,,,,
,,TS03546000,22/06/2022,,,,,,,
,,TS03546001,22/06/2022,,,,,,,
,,TS03546002,22/06/2022,,,,,,,
,,TS03546003,22/06/2022,,,,,,,
,,TS03546004,22/06/2022,,,,,,,
,,TS03546005,22/06/2022,,,,,,,
,,TS03546006,22/06/2022,,,,,,,
,,TS03546007,22/06/2022,,,,,,,
,,TS03546008,22/06/2022,,,,,,,
,,TS03546009,22/06/2022,,,,,,,
,,TS03546010,22/06/2022,,,,,,,
,,TS03546011,22/06/2022,,,,,,,
,,TS03546012,22/06/2022,,,,,,,
,,TS03546013,22/06/2022,,,,,,,
,,TS03546014,22/06/2022,,,,,,,
,,TS03546015,22/06/2022,,,,,,,
,,TS03546016,22/06/2022,,,,,,,
,,TS03546017,22/06/2022,,,,,,,
,,TS03546018,22/06/2022,,,,,,,
,,TS03546019,22/06/2022,,,,,,,
,,TS03546020,22/06/2022,,,,,,,
,,TS03546021,22/06/2022,,,,,,,
,,TS03546022,22/06/2022,,,,,,,
,,TS03546023,22/06/2022,,,,,,,
,,TS03546024,22/06/2022,,,,,,,
,,TS03546025,22/06/2022,,,,,,,
,,TS03546026,22/06/2022,,,,,,,
,,TS03546027,22/06/2022,,,,,,,
,,TS03546028,22/06/2022,,,,,,,
,,TS03546029,22/06/2022,,,,,,,
,,TS03546030,22/06/2022,,,,,,,
,,TS03546031,22/06/2022,,,,,,,
,,TS03546032,22/06/2022,,,,,,,
,,TS03546033,22/06/2022,,,,,,,
,,TS03546034,22/06/2022,,,,,,,
,,TS03546035,22/06/2022,,,,,,,
,,TS03546036,22/06/2022,,,,,,,
,,TS03546037,22/06/2022,,,,,,,
,,TS03546038,22/06/2022,,,,,,,
,,TS03546039,22/06/2022,,,,,,,
,,TS03546040,22/06/2022,,,,,,,
,,TS03546041,22/06/2022,,,,,,,
,,TS03546042,22/06/2022,,,,,,,
,,TS03546043,22/06/2022,,,,,,,
,,TS03546044,22/06/2022,,,,,,,
,,TS03546045,22/06/2022,,,,,,,
,,TS03546046,22/06/2022,,,,,,,
,,TS03546047,22/06/2022,,,,,,,
,,TS03546048,22/06/2022,,,,,,,
,,TS03546049,22/06/2022,,,,,,,
,,TS03546050,22/06/2022,,,,,,,
,,TS03546051,22/06/2022,,,,,,,
,,TS03546052,22/06/2022,,,,,,,
,,TS03546053,22/06/2022,,,,,,,
,,TS03546054,22/06/2022,,,,,,,
,,TS03546055,22/06/2022,,,,,,,
,,TS03546056,22/06/2022,,,,,,,
,,TS03546057,22/06/2022,,,,,,,
,,TS03546058,22/06/2022,,,,,,,
,,TS03546059,22/06/2022,,,,,,,
,,TS03546060,22/06/2022,,,,,,,
,,TS03546061,22/06/2022,,,,,,,
,,TS03546062,22/06/2022,,,,,,,
,,TS03546063,22/06/2022,,,,,,,
,,TS03546064,22/06/2022,,,,,,,
,,TS03546065,22/06/2022,,,,,,,
,,TS03546066,22/06/2022,,,,,,,
,,TS03546067,22/06/2022,,,,,,,
,,TS03546068,22/06/2022,,,,,,,
,,TS03546069,22/06/2022,,,,,,,
,,TS03546070,22/06/2022,,,,,,,
,,TS03546071,22/06/2022,,,,,,,
,,TS03546072,22/06/2022,,,,,,,
,,TS03546073,22/06/2022,,,,,,,
,,TS03546074,22/06/2022,,,,,,,
,,TS03546075,22/06/2022,,,,,,,
,,TS03546076,22/06/2022,,,,,,,
,,TS03546077,22/06/2022,,,,,,,
,,TS03546078,22/06/2022,,,,,,,
,,TS03546079,22/06/2022,,,,,,,
,,TS03546080,22/06/2022,,,,,,,
,,TS03546081,22/06/2022,,,,,,,
,,TS03546082,22/06/2022,,,,,,,
,,TS03546083,22/06/2022,,,,,,,
,,TS03546084,22/06/2022,,,,,,,
,,TS03546085,22/06/2022,,,,,,,
,,TS03546086,22/06/2022,,,,,,,
,,TS03546087,22/06/2022,,,,,,,
,,TS03546088,22/06/2022,,,,,,,
,,TS03546089,22/06/2022,,,,,,,
,,TS03546090,22/06/2022,,,,,,,
,,TS03546091,22/06/2022,,,,,,,
,,TS03546092,22/06/2022,,,,,,,
,,TS03546093,22/06/2022,,,,,,,
,,TS03546094,22/06/2022,,,,,,,
,,TS03546095,22/06/2022,,,,,,,
,,TS03546096,22/06/2022,,,,,,,
,,TS03546097,22/06/2022,,,,,,,
,,TS03546098,22/06/2022,,,,,,,
,,TS03546099,22/06/2022,,,,,,,
,,TS03546100,22/06/2022,,,,,,,
,,TS03546101,22/06/2022,,,,,,,
,,TS03546102,22/06/2022,,,,,,,
,,TS03546103,22/06/2022,,,,,,,
,,TS03546104,22/06/2022,,,,,,,
,,TS03546105,22/06/2022,,,,,,,
,,TS03546106,22/06/2022,,,,,,,
,,TS03546107,22/06/2022,,,,,,,
,,TS03546108,22/06/2022,,,,,,,
,,TS03546109,22/06/2022,,,,,,,
,,TS03546110,22/06/2022,,,,,,,
,,TS03546111,22/06/2022,,,,,,,
,,TS03546112,22/06/2022,,,,,,,
,,TS03546113,22/06/2022,,,,,,,
,,TS03546114,22/06/2022,,,,,,,
,,TS03546115,22/06/2022,,,,,,,
,,TS03546116,22/06/2022,,,,,,,
,,TS03546117,22/06/2022,,,,,,,
,,TS03546118,22/06/2022,,,,,,,
,,TS03546119,22/06/2022,,,,,,,
,,TS03546120,22/06/2022,,,,,,,
,,TS03546121,22/06/2022,,,,,,,
,,TS03546122,22/06/2022,,,,,,,
,,TS03546123,22/06/2022,,,,,,,
,,TS03546124,22/06/2022,,,,,,,
,,TS03546125,22/06/2022,,,,,,,
,,TS03546126,22/06/2022,,,,,,,
,,TS03546127,22/06/2022,,,,,,,
,,TS03546128,22/06/2022,,,,,,,
,,TS03546129,22/06/2022,,,,,,,
,,TS03546130,22/06/2022,,,,,,,
,,TS03546131,22/06/2022,,,,,,,
,,TS03546132,22/06/2022,,,,,,,
,,TS03546133,22/06/2022,,,,,,,
,,TS03546134,22/06/2022,,,,,,,
,,TS03546135,22/06/2022,,,,,,,
,,TS03546136,22/06/2022,,,,,,,
,,TS03546137,22/06/2022,,,,,,,
,,TS03546138,22/06/2022,,,,,,,
,,TS03546139,22/06/2022,,,,,,,
,,TS03546140,22/06/2022,,,,,,,
,,TS03546141,22/06/2022,,,,,,,
,,TS03546142,22/06/2022,,,,,,,
,,TS03546143,22/06/2022,,,,,,,
,,TS03546144,22/06/2022,,,,,,,
,,TS03546145,22/06/2022,,,,,,,
,,TS03546146,22/06/2022,,,,,,,
,,TS03546147,22/06/2022,,,,,,,
,,TS03546148,22/06/2022,,,,,,,
,,TS03546149,22/06/2022,,,,,,,
,,TS03546150,22/06/2022,,,,,,,
,,TS03546151,22/06/2022,,,,,,,
,,TS03546152,22/06/2022,,,,,,,
,,TS03546153,22/06/2022,,,,,,,
,,TS03546154,22/06/2022,,,,,,,
,,TS03546155,22/06/2022,,,,,,,
,,TS03546156,22/06/2022,,,,,,,
,,TS03546157,22/06/2022,,,,,,,
,,TS03546158,22/06/2022,,,,,,,
,,TS03546159,22/06/2022,,,,,,,
,,TS03546160,22/06/2022,,,,,,,
,,TS03546161,22/06/2022,,,,,,,
,,TS03546162,22/06/2022,,,,,,,
,,TS03546163,22/06/2022,,,,,,,
,,TS03546164,22/06/2022,,,,,,,
,,TS03546165,22/06/2022,,,,,,,
,,TS03546166,22/06/2022,,,,,,,
,,TS03546167,22/06/2022,,,,,,,
,,TS03546168,22/06/2022,,,,,,,
,,TS03546169,22/06/2022,,,,,,,
,,TS03546170,22/06/2022,,,,,,,
,,TS03546171,22/06/2022,,,,,,,
,,TS03546172,22/06/2022,,,,,,,
,,TS03546173,22/06/2022,,,,,,,
,,TS03546174,22/06/2022,,,,,,,
,,TS03546175,22/06/2022,,,,,,,
,,TS03546176,22/06/2022,,,,,,,
,,TS03546177,22/06/2022,,,,,,,
,,TS03546178,22/06/2022,,,,,,,
,,TS03546179,22/06/2022,,,,,,,
,,TS03546180,22/06/2022,,,,,,,
,,TS03546181,22/06/2022,,,,,,,
,,TS03546182,22/06/2022,,,,,,,
,,TS03546183,22/06/2022,,,,,,,
,,TS03546184,22/06/2022,,,,,,,
,,TS03546185,22/06/2022,,,,,,,
,,TS03546186,22/06/2022,,,,,,,
,,TS03546187,22/06/2022,,,,,,,
,,TS03546188,22/06/2022,,,,,,,
,,TS03546189,22/06/2022,,,,,,,
,,TS03546190,22/06/2022,,,,,,,
,,TS03546191,22/06/2022,,,,,,,
,,TS03546192,22/06/2022,,,,,,,
,,TS03546193,22/06/2022,,,,,,,
,,TS03546194,22/06/2022,,,,,,,
,,TS03546195,22/06/2022,,,,,,,
,,TS03546196,22/06/2022,,,,,,,
,,TS03546197,22/06/2022,,,,,,,
,,TS03546198,22/06/2022,,,,,,,
,,TS03546199,22/06/2022,,,,,,,
,,TS03546200,22/06/2022,,,,,,,
,,TS03546201,22/06/2022,,,,,,,
,,TS03546202,22/06/2022,,,,,,,
,,TS03546203,22/06/2022,,,,,,,
,,TS03546204,22/06/2022,,,,,,,
,,TS03546205,22/06/2022,,,,,,,
,,TS03546206,22/06/2022,,,,,,,
,,TS03546207,22/06/2022,,,,,,,
,,TS03546208,22/06/2022,,,,,,,
,,TS03546209,22/06/2022,,,,,,,
,,TS03546210,22/06/2022,,,,,,,
,,TS03546211,22/06/2022,,,,,,,
,,TS03546212,22/06/2022,,,,,,,
,,TS03546213,22/06/2022,,,,,,,
,,TS03546214,22/06/2022,,,,,,,
,,TS03546215,22/06/2022,,,,,,,
,,TS03546216,22/06/2022,,,,,,,
,,TS03546217,22/06/2022,,,,,,,
,,TS03546218,22/06/2022,,,,,,,
,,TS03546219,22/06/2022,,,,,,,
,,TS03546220,22/06/2022,,,,,,,
,,TS03546221,22/06/2022,,,,,,,
,,TS03546222,22/06/2022,,,,,,,
,,TS03546223,22/06/2022,,,,,,,
,,TS03546224,22/06/2022,,,,,,,
,,TS03546225,22/06/2022,,,,,,,
,,TS03546226,22/06/2022,,,,,,,
,,TS03546227,22/06/2022,,,,,,,
,,TS03546228,22/06/2022,,,,,,,
,,TS03546229,22/06/2022,,,,,,,
,,TS03546230,22/06/2022,,,,,,,
